,job_titles,company_name,location,stipend,all_links
0,Marketing,Careers360,Work From Home,"15,000",https://internshala.com//internship/detail/work-from-home-part-time-marketing-internship-at-careers3601709269411
1,Content Research/Writing,Deepak Yadav,Work From Home,"5,000",https://internshala.com//internship/detail/work-from-home-content-research-writing-internship-at-deepak-yadav1708583507
2,Quality Check Expert,CloudBird Digital Private Limited,Work From Home,"2,500",https://internshala.com//internship/detail/work-from-home-part-time-quality-check-expert-internship-at-cloudbird-digital-private-limited1709382773
3,Sales,Skillarena Education Technologies,Work From Home,"5,000",https://internshala.com//internship/detail/work-from-home-part-time-sales-internship-at-skillarena-education-technologies1709384087
4,Transcription And Translation (Malayalam),Guidofie,Work From Home,"9,000",https://internshala.com//internship/detail/work-from-home-part-time-transcription-and-translation-malayalam-internship-at-guidofie1709379231
5,Motion Graphics,Celebrare,Work From Home,"8,000-10,000",https://internshala.com//internship/detail/work-from-home-motion-graphics-internship-at-celebrare1709379258
6,UX/UI Design,Next You Labs,Work From Home,"5,000",https://internshala.com//internship/detail/work-from-home-ux-ui-design-internship-at-next-you-labs1709379662
7,Children Book Illustration,OckyPocky,Work From Home,"3,000-4,000",https://internshala.com//internship/detail/work-from-home-children-book-illustration-internship-at-ockypocky1709379297
8,Sports Content Writing (NFL),FirstSportz,Work From Home,"7,000",https://internshala.com//internship/detail/work-from-home-sports-content-writing-nfl-internship-at-firstsportz1709381554
9,Android App Development,SpendWise,Work From Home,"9,000-15,000",https://internshala.com//internship/detail/work-from-home-android-app-development-internship-at-spendwise1708493260
10,Motorsports Content Writing (F1 And NASCAR),FirstSportz,Work From Home,"6,000",https://internshala.com//internship/detail/work-from-home-part-time-motorsports-content-writing-f1-and-nascar-internship-at-firstsportz1709381367
11,2D Animation,Intesome,Work From Home,"10,000",https://internshala.com//internship/detail/work-from-home-2d-animation-internship-at-intesome1709376459
12,After Effects (Operations),Intesome,Work From Home,"10,000",https://internshala.com//internship/detail/work-from-home-after-effects-operations-internship-at-intesome1709376488
13,2D Animation/Motion Graphics Design,Intesome,Work From Home,"10,000",https://internshala.com//internship/detail/work-from-home-2d-animation-motion-graphics-design-internship-at-intesome1709376552
14,Adobe After Effects Design/Animation,Intesome,Work From Home,"10,000",https://internshala.com//internship/detail/work-from-home-adobe-after-effects-design-animation-internship-at-intesome1709376511
15,Human Resources (HR),Simplify Solutions,Work From Home,"4,000",https://internshala.com//internship/detail/work-from-home-human-resources-hr-internship-at-simplify-solutions1709377400
16,Human Resources (HR),Clapingo Education,Work From Home,"5,000",https://internshala.com//internship/detail/work-from-home-human-resources-hr-internship-at-clapingo-education1709377815
17,Social Media Marketing/Management,WhataPortrait.com,Work From Home,"8,000",https://internshala.com//internship/detail/work-from-home-social-media-marketing-management-internship-at-whataportraitcom1709377626
18,Powerpoint Expert/Operations,Guidofie,Work From Home,"10,000",https://internshala.com//internship/detail/work-from-home-part-time-powerpoint-expert-operations-internship-at-guidofie1709376832
19,Subject Matter Expert (SME),IB Experts For 7 On 7 Private Limited,Work From Home,"15,000",https://internshala.com//internship/detail/work-from-home-part-time-subject-matter-expert-sme-internship-at-ib-experts-for-7-on-7-private-limited1709375888
20,Foreign Exchange Market,B B Advisory,Work From Home,"2,000-40,000",https://internshala.com//internship/detail/work-from-home-foreign-exchange-market-internship-at-b-b-advisory1709376051
21,Adobe Illustration/2D Concept Art,Intesome,Work From Home,"10,000",https://internshala.com//internship/detail/work-from-home-adobe-illustration-2d-concept-art-internship-at-intesome1709371787
22,Technical Lead Generation & Business Prospects (IT),RPA Infotech Private Limited,Work From Home,"10,000-15,000",https://internshala.com//internship/detail/work-from-home-technical-lead-generation-business-prospects-it-internship-at-rpa-infotech-private-limited1709096229
23,2D Animation and Motion Graphics,Intesome,Work From Home,"10,000",https://internshala.com//internship/detail/work-from-home-2d-animation-and-motion-graphics-internship-at-intesome1709371578
24,Marketing,Ankith Reddy,Work From Home,"2,000-12,000",https://internshala.com//internship/detail/work-from-home-marketing-internship-at-ankith-reddy1709372379
25,Equity Analytics,Rank Me One,Work From Home,"5,000-10,000",https://internshala.com//internship/detail/work-from-home-part-time-equity-analytics-internship-at-rank-me-one1709376593
26,Illustration/Storyboard Art,Intesome,Work From Home,"10,000",https://internshala.com//internship/detail/work-from-home-illustration-storyboard-art-internship-at-intesome1709371724
27,Illustration/2D Storyboarding,Intesome,Work From Home,"10,000",https://internshala.com//internship/detail/work-from-home-illustration-2d-storyboarding-internship-at-intesome1709371700
28,Subject Matter Expert (Mathematics),LearnAsYouGo Private Limited,Work From Home,"5,000-10,000",https://internshala.com//internship/detail/work-from-home-subject-matter-expert-mathematics-internship-at-learnasyougo-private-limited1709366928
29,Subject Matter Expert (English),LearnAsYouGo Private Limited,Work From Home,"5,000-10,000",https://internshala.com//internship/detail/work-from-home-part-time-subject-matter-expert-english-internship-at-learnasyougo-private-limited1709367064
30,Business Development (Sales),OyeLabs,Work From Home,"10,000-20,000",https://internshala.com//internship/detail/work-from-home-business-development-sales-internship-at-oyelabs1709367036
31,Product Marketing,Kshitiksha Foundation,Work From Home,Amount not specified,https://internshala.com//internship/detail/work-from-home-part-time-product-marketing-internship-at-kshitiksha-foundation1709365502
32,Online Marketing,Kshitiksha Foundation,Work From Home,Amount not specified,https://internshala.com//internship/detail/work-from-home-part-time-online-marketing-internship-at-kshitiksha-foundation1709365554
33,Content Writing,Kshitiksha Foundation,Work From Home,Amount not specified,https://internshala.com//internship/detail/work-from-home-part-time-content-writing-internship-at-kshitiksha-foundation1709367545
34,Digital Marketing,Upptick,Work From Home,"10,000-15,000",https://internshala.com//internship/detail/work-from-home-digital-marketing-internship-at-upptick1709367156
35,Fundraising,Kshitiksha Foundation,Work From Home,Amount not specified,https://internshala.com//internship/detail/work-from-home-part-time-fundraising-internship-at-kshitiksha-foundation1709354847
36,Winter - Social Program,She Can Foundation,Work From Home,of,https://internshala.com//internship/detail/work-from-home-part-time-winter-social-program-internship-at-she-can-foundation1709352121
37,1 Week Fundraising,She Can Foundation,Work From Home,of,https://internshala.com//internship/detail/work-from-home-part-time-1-week-fundraising-internship-at-she-can-foundation1709352693
38,Social Work,Kshitiksha Foundation,Work From Home,Amount not specified,https://internshala.com//internship/detail/work-from-home-part-time-social-work-internship-at-kshitiksha-foundation1709354830
39,Video Editing/Making,Celebrare,Work From Home,"8,000-12,000",https://internshala.com//internship/detail/work-from-home-video-editing-making-internship-at-celebrare1709358921
40,Reel Editing,Budding Mariners,Work From Home,"2,000",https://internshala.com//internship/detail/work-from-home-part-time-reel-editing-internship-at-budding-mariners1709353948
41,Finance,Rank Me One,Work From Home,"5,000-10,000",https://internshala.com//internship/detail/work-from-home-part-time-finance-internship-at-rank-me-one1709371241
